{
  "timestamp": "20260422_163051",
  "git_sha": "ac845a2",
  "git_dirty": true,
  "tag": "stage3-a4000-baseline",
  "device": "cuda",
  "gpu_name": "NVIDIA RTX A4000",
  "torch_version": "2.1.1+cu121",
  "python_version": "3.11.7",
  "platform": "Linux-5.19.0-45-generic-x86_64-with-glibc2.35",
  "seed": 123,
  "n_reps": 5,
  "mult": 10,
  "workers_sweep": [
    1,
    2
  ],
  "pytorch_cuda_alloc_conf": "expandable_segments:True",
  "total_elapsed_s": 205.2784230709076,
  "results": [
    {
      "instance": "P25M2-2",
      "nb_parts": 25,
      "nb_machines": 2,
      "inst_idx": 2,
      "num_workers": 1,
      "num_individuals": 250,
      "n_reps": 5,
      "mean_s": 0.6814209672622382,
      "std_s": 0.24292506190643162,
      "min_s": 0.32338574528694153,
      "max_s": 1.0112504842691123,
      "rep_times_s": [
        0.7284845630638301,
        0.32338574528694153,
        0.5051187076605856,
        1.0112504842691123,
        0.8388653360307217
      ],
      "fingerprint": [
        "299920.117075",
        "244461.877070",
        "325440.975902",
        "241371.877579",
        "242301.831437"
      ],
      "n_feasible": 109,
      "n_infeasible": 141
    },
    {
      "instance": "P25M2-2",
      "nb_parts": 25,
      "nb_machines": 2,
      "inst_idx": 2,
      "num_workers": 2,
      "num_individuals": 250,
      "n_reps": 5,
      "mean_s": 0.2118731585331261,
      "std_s": 0.036862892292199044,
      "min_s": 0.18042023992165923,
      "max_s": 0.28387208096683025,
      "rep_times_s": [
        0.18042023992165923,
        0.20426238793879747,
        0.1986416350118816,
        0.28387208096683025,
        0.19216944882646203
      ],
      "fingerprint": [
        "299920.117075",
        "244461.877070",
        "325440.975902",
        "241371.877579",
        "242301.831437"
      ],
      "n_feasible": 109,
      "n_infeasible": 141
    },
    {
      "instance": "P25M2-4",
      "nb_parts": 25,
      "nb_machines": 2,
      "inst_idx": 4,
      "num_workers": 1,
      "num_individuals": 250,
      "n_reps": 5,
      "mean_s": 0.20002866433933378,
      "std_s": 0.007079223767608498,
      "min_s": 0.18635575473308563,
      "max_s": 0.20660865865647793,
      "rep_times_s": [
        0.18635575473308563,
        0.20660865865647793,
        0.20357344578951597,
        0.20266068261116743,
        0.2009447799064219
      ],
      "fingerprint": [
        "131357.365733",
        "143824.163789",
        "160405.489483",
        "155963.389205",
        "151996.704566"
      ],
      "n_feasible": 138,
      "n_infeasible": 112
    },
    {
      "instance": "P25M2-4",
      "nb_parts": 25,
      "nb_machines": 2,
      "inst_idx": 4,
      "num_workers": 2,
      "num_individuals": 250,
      "n_reps": 5,
      "mean_s": 0.19036627234891057,
      "std_s": 0.008857409874398007,
      "min_s": 0.17549390671774745,
      "max_s": 0.20115225110203028,
      "rep_times_s": [
        0.17549390671774745,
        0.20115225110203028,
        0.19500496704131365,
        0.19415668584406376,
        0.18602355103939772
      ],
      "fingerprint": [
        "131357.365733",
        "143824.163789",
        "160405.489483",
        "155963.389205",
        "151996.704566"
      ],
      "n_feasible": 138,
      "n_infeasible": 112
    },
    {
      "instance": "P50M2-1",
      "nb_parts": 50,
      "nb_machines": 2,
      "inst_idx": 1,
      "num_workers": 1,
      "num_individuals": 500,
      "n_reps": 5,
      "mean_s": 0.7744400078430772,
      "std_s": 0.009622231831824455,
      "min_s": 0.7583913537673652,
      "max_s": 0.7848616349510849,
      "rep_times_s": [
        0.7583913537673652,
        0.7848616349510849,
        0.7694578412920237,
        0.7825435008853674,
        0.7769457083195448
      ],
      "fingerprint": [
        "321391.828339",
        "315695.809555",
        "283307.062075",
        "342955.709957",
        "287861.778821"
      ],
      "n_feasible": 134,
      "n_infeasible": 366
    },
    {
      "instance": "P50M2-1",
      "nb_parts": 50,
      "nb_machines": 2,
      "inst_idx": 1,
      "num_workers": 2,
      "num_individuals": 500,
      "n_reps": 5,
      "mean_s": 0.7589152414351702,
      "std_s": 0.00899485574961012,
      "min_s": 0.7501167771406472,
      "max_s": 0.7718070601113141,
      "rep_times_s": [
        0.7501167771406472,
        0.7718070601113141,
        0.7505811392329633,
        0.7674572956748307,
        0.7546139350160956
      ],
      "fingerprint": [
        "321391.828339",
        "315695.809555",
        "283307.062075",
        "342955.709957",
        "287861.778821"
      ],
      "n_feasible": 134,
      "n_infeasible": 366
    },
    {
      "instance": "P50M2-3",
      "nb_parts": 50,
      "nb_machines": 2,
      "inst_idx": 3,
      "num_workers": 1,
      "num_individuals": 500,
      "n_reps": 5,
      "mean_s": 0.7024991637095809,
      "std_s": 0.01286814206119368,
      "min_s": 0.6829419080168009,
      "max_s": 0.7232997417449951,
      "rep_times_s": [
        0.6829419080168009,
        0.7232997417449951,
        0.7048515537753701,
        0.7013324932195246,
        0.7000701217912138
      ],
      "fingerprint": [
        "273200.461114",
        "324920.986164",
        "260281.685706",
        "301759.139059",
        "281767.951251"
      ],
      "n_feasible": 30,
      "n_infeasible": 470
    },
    {
      "instance": "P50M2-3",
      "nb_parts": 50,
      "nb_machines": 2,
      "inst_idx": 3,
      "num_workers": 2,
      "num_individuals": 500,
      "n_reps": 5,
      "mean_s": 0.6845661092549562,
      "std_s": 0.01634320438631647,
      "min_s": 0.657596142962575,
      "max_s": 0.7077900799922645,
      "rep_times_s": [
        0.657596142962575,
        0.7077900799922645,
        0.6907156482338905,
        0.6796183791011572,
        0.687110295984894
      ],
      "fingerprint": [
        "273200.461114",
        "324920.986164",
        "260281.685706",
        "301759.139059",
        "281767.951251"
      ],
      "n_feasible": 30,
      "n_infeasible": 470
    },
    {
      "instance": "P75M2-0",
      "nb_parts": 75,
      "nb_machines": 2,
      "inst_idx": 0,
      "num_workers": 1,
      "num_individuals": 750,
      "n_reps": 5,
      "mean_s": 1.6438735959120094,
      "std_s": 0.00893092186886426,
      "min_s": 1.6328993998467922,
      "max_s": 1.6564764687791467,
      "rep_times_s": [
        1.6328993998467922,
        1.6564764687791467,
        1.65160543192178,
        1.6420173929072917,
        1.6363692861050367
      ],
      "fingerprint": [
        "369976.676340",
        "321364.609932",
        "327184.488143",
        "377398.063238",
        "375592.968978"
      ],
      "n_feasible": 38,
      "n_infeasible": 712
    },
    {
      "instance": "P75M2-0",
      "nb_parts": 75,
      "nb_machines": 2,
      "inst_idx": 0,
      "num_workers": 2,
      "num_individuals": 750,
      "n_reps": 5,
      "mean_s": 1.6060036187060178,
      "std_s": 0.013653595052409005,
      "min_s": 1.5794834960252047,
      "max_s": 1.616446265950799,
      "rep_times_s": [
        1.5794834960252047,
        1.6150669469498098,
        1.6120596579276025,
        1.616446265950799,
        1.6069617266766727
      ],
      "fingerprint": [
        "369976.676340",
        "321364.609932",
        "327184.488143",
        "377398.063238",
        "375592.968978"
      ],
      "n_feasible": 38,
      "n_infeasible": 712
    },
    {
      "instance": "P75M2-4",
      "nb_parts": 75,
      "nb_machines": 2,
      "inst_idx": 4,
      "num_workers": 1,
      "num_individuals": 750,
      "n_reps": 5,
      "mean_s": 1.8210824369452894,
      "std_s": 0.010054120719334099,
      "min_s": 1.8065181029960513,
      "max_s": 1.8357646190561354,